gen,train,val,formulas,nodes,sec
0,2.8181,2.9141,3,79,6
10,2.9402,2.9398,3,85,40
20,2.7654,2.9558,2,83,72
30,2.8259,2.9358,2,64,103
40,2.9634,2.9424,2,71,133
50,2.7934,2.9439,2,71,164
60,2.9123,2.9599,3,81,194
70,2.7220,2.9385,3,94,225
80,2.7869,2.9376,2,82,255
90,2.7993,2.9187,2,74,286
100,2.9424,2.9295,2,69,317
110,2.8100,2.9213,3,85,347
120,2.7949,2.9241,3,100,377
130,2.7257,2.9740,3,101,408
140,2.7853,2.9321,2,74,439
150,2.8435,2.9642,2,79,469
160,2.9342,2.9649,2,91,498
170,2.9013,2.9687,2,93,529
180,2.9465,2.9583,3,95,559
190,2.8383,2.9451,2,71,591
200,2.9507,2.9312,2,83,623
210,2.9060,2.9305,2,68,657
220,2.9448,2.9459,3,74,689
230,2.8859,2.9278,2,83,722
240,2.8811,2.9194,2,79,751
250,2.8817,2.9229,3,85,783
260,2.8245,2.9374,3,90,816
270,2.7845,2.9280,2,92,850
280,2.7132,2.9151,2,77,882
290,2.9865,2.9241,2,88,912
300,2.8305,2.9364,3,86,943
310,2.7762,2.9519,2,74,975
320,2.8421,2.9419,4,88,1006
330,2.7500,2.9316,2,87,1039
340,2.8163,2.9265,4,94,1071
350,2.8732,2.9214,3,88,1102
360,2.8643,2.9111,3,86,1134
370,2.8838,2.9504,2,103,1166
380,2.7140,2.9539,2,90,1195
390,2.9278,2.9516,2,120,1225
400,2.7121,2.9419,2,93,1255
